coefficient	ID	Description	setSize	enrichmentScore	NES	pvalue	p.adjust	qvalue	rank	leading_edge	core_enrichment
genotype	HALLMARK_APICAL_JUNCTION	HALLMARK_APICAL_JUNCTION	74	0.649364892608064	2.1743449836218756	3.91086811333095e-7	1.4470212019324515e-5	7.410065898942853e-6	2466	tags=47%, list=14%, signal=41%	Itgb4/Icam5/Amigo2/Calb2/Thy1/Cdh15/Lamc2/Kcnh2/Cntn1/Cadm3/Lamb3/Nlgn3/Crb3/Cldn15/Cadm2/Wnk4/Nexn/Icam4/Gnai1/Itga10/Cldn4/Tro/Cdh4/Nfasc/Mapk13/Thbs3/Tmem8b/Cdsn/Cd34/Amh/Mdk/Nrxn2/Acta1/Adamts5/Slc30a3
genotype	HALLMARK_MYOGENESIS	HALLMARK_MYOGENESIS	97	0.5874985113214048	2.044030299368036	2.071938038781303e-6	3.8330853717454105e-5	1.9628886683191293e-5	2439	tags=41%, list=14%, signal=36%	Itgb4/Aplnr/Reep1/Tnnt3/Kcnh2/Sspn/Ablim1/Ctf1/Fst/Casq1/Gnao1/Itga7/Chrna1/Gja5/Clu/Stc2/Dapk2/Myl2/Tnnt1/Myoz1/Ephb3/Mylpf/Ppp1r3c/Des/Tcap/Myh4/Dtna/Lama2/Sorbs1/Cox6a2/Cox7a1/Ckm/Pgam2/Spdef/Nos1/Myom2/Tead4/Ptgis/Acta1/Sgcd
genotype	HALLMARK_INFLAMMATORY_RESPONSE	HALLMARK_INFLAMMATORY_RESPONSE	34	0.682465663715716	2.03583727381104	7.434780605883055e-5	9.169562747255768e-4	4.695650908978772e-4	1337	tags=35%, list=8%, signal=33%	Aplnr/Sell/Lta/Slc28a2b/Bdkrb1/Gabbr1/Ccl20/Ereg/Ccr7/Slc4a4/Icam4/Gpc3
genotype	HALLMARK_P53_PATHWAY	HALLMARK_P53_PATHWAY	23	0.7265798420318599	2.0425752093029246	2.707789456261057e-4	0.0025047052470414774	0.0012826371108605006	1024	tags=30%, list=6%, signal=29%	Itgb4/Krt17/Tgfa/Zbtb16/Rad51c/Zfp365/Gpx2
genotype	HALLMARK_GLYCOLYSIS	HALLMARK_GLYCOLYSIS	37	0.6473726001431803	1.9717341851616477	5.781745229383996e-4	0.0037229767696229793	0.0019065030399207292	1337	tags=30%, list=8%, signal=28%	Ndst3/Vldlr/Tgfa/Bik/Kdelr3/Lct/Gal3st1/Stc2/Lhx9/Chst1/Gpc3
genotype	HALLMARK_ESTROGEN_RESPONSE_EARLY	HALLMARK_ESTROGEN_RESPONSE_EARLY	72	0.560520820597751	1.8673182910151906	6.037259626415642e-4	0.0037229767696229793	0.0019065030399207292	1671	tags=32%, list=10%, signal=29%	Rhod/Calb2/Muc1/Reep1/Slc1a1/Kcnk5/Syt12/Mlph/Pdzk1/Ablim1/Gfra1/Ttc39a/Aqp3/Fhl2/Stc2/Calcr/Mapt/Ar/Slc27a2/Elovl2/Bcl11b/Dhrs2/Scnn1a
genotype	HALLMARK_KRAS_SIGNALING_DN	HALLMARK_KRAS_SIGNALING_DN	136	0.46636220163848185	1.6596109279634739	0.002749947339327996	0.014535435936447978	0.007443466482391568	2478	tags=29%, list=14%, signal=25%	Atp4a/Abcb11/Efhd1/Shox2/Pdcd1/Zbtb16/Ngb/Ypel1/Sidt1/Edar/Cyp39a1/Itgb1bp2/Kcnn1/Clstn3/Bmpr1b/Nphs1/Gpr3/Grid2/Ccdc106/Tcf7l1/Kcne2/Scgb1a1/P2rx6/Hnf1a/Pkp1/Il5/Hc/Ckm/Hsd11b2/Celsr2/Abcg4/Tenm2/Slc38a3/Nos1/Stag3/Epha5/Gdnf/Dlk2/Slc30a3/Cntfr
genotype	HALLMARK_UV_RESPONSE_UP	HALLMARK_UV_RESPONSE_UP	26	0.6486778118576074	1.8649449039152308	0.004112249615530473	0.019019154471828437	0.009739538563098489	1804	tags=38%, list=10%, signal=35%	Ntrk3/Htr7/Shox2/Clcn2/H2-Q1/Kcnh2/Aqp3/Msx1/Mapk8ip2/Onecut1
genotype	HALLMARK_FATTY_ACID_METABOLISM	HALLMARK_FATTY_ACID_METABOLISM	33	0.5985849449872143	1.7730596582580789	0.007277556106755473	0.02991884177221694	0.015321170751064154	4852	tags=76%, list=28%, signal=55%	Car4/Nthl1/Acsm3/Bmpr1b/Cidea/Gad2/Pcbd1/Reep6/Aldh3a1/Rdh1/Tdo2/Eci1/Gapdhs/Ppara/Vnn1/Cyp1a1/Aadat/Acot3/Adh1/Car6/Cel/Cyp4a31/Fabp1/Fabp2/G0s2
genotype	HALLMARK_HEDGEHOG_SIGNALING	HALLMARK_HEDGEHOG_SIGNALING	14	0.719995291706613	1.8128534105719636	0.009834249396262457	0.0329935700070869	0.016895711525677502	2781	tags=64%, list=16%, signal=54%	Vldlr/Thy1/Gli1/Hey2/Adgrg1/Unc5c/Cntfr/Celsr1/Nkx6-1
genotype	HALLMARK_ANDROGEN_RESPONSE	HALLMARK_ANDROGEN_RESPONSE	28	0.6027262547457104	1.7498879782241341	0.010700617299595752	0.0329935700070869	0.016895711525677502	2399	tags=36%, list=14%, signal=31%	Mak/Tmprss2/Klk1b1/Arid5b/Bmpr1b/Klk1b9/Adamts1/Spdef/Hsd17b14/Klk1b27
genotype	HALLMARK_KRAS_SIGNALING_UP	HALLMARK_KRAS_SIGNALING_UP	68	0.5104674421268482	1.6903094063705986	0.009284228730706627	0.0329935700070869	0.016895711525677502	1849	tags=28%, list=11%, signal=25%	F2rl1/Nap1l2/Btc/Pcp4/Ush1c/Spon1/Serpina3c/Aldh1a2/Rbp4/Ccl20/Ereg/Tspan7/Tmem100/Reln/Cidea/H2bc3/Hoxd11/Pcsk1n/Pigr
genotype	HALLMARK_G2M_CHECKPOINT	HALLMARK_G2M_CHECKPOINT	22	-0.48387735434993795	-1.6764285391276834	0.02838319765992065	0.07845631891433417	0.04017677782241865	1141	tags=45%, list=7%, signal=43%	Troap/Meis2/Efna5/Exo1/Nolc1/Polq/Espl1/Cenpf/Kif20b/Dmd
genotype	HALLMARK_INTERFERON_GAMMA_RESPONSE	HALLMARK_INTERFERON_GAMMA_RESPONSE	14	0.6332376764993622	1.5944091506813818	0.03795620437956204	0.07845631891433417	0.04017677782241865	1672	tags=50%, list=10%, signal=45%	Ido1/Gbp8/Sspn/Arid5b/Xcl1/Apol6/Gm8909
genotype	HALLMARK_IL2_STAT5_SIGNALING	HALLMARK_IL2_STAT5_SIGNALING	33	0.5343829440004222	1.5828878557722048	0.03674540682414698	0.07845631891433417	0.04017677782241865	2223	tags=36%, list=13%, signal=32%	Itgae/Muc1/Sell/Gpr83/Ltb/Cd79b/Ikzf2/Serpinc1/She/Drc1/Tnfrsf4/F2rl2
genotype	HALLMARK_EPITHELIAL_MESENCHYMAL_TRANSITION	HALLMARK_EPITHELIAL_MESENCHYMAL_TRANSITION	62	-0.34200359377598644	-1.5588010725548165	0.034339304643994005	0.07845631891433417	0.04017677782241865	1316	tags=29%, list=8%, signal=27%	Sfrp4/Col11a1/Igfbp2/Lrrc15/Itga2/Adam12/Slit3/Ecm2/Col7a1/Pcolce2/Nnmt/Foxc2/Mest/Fmod/Mmp1b/Fbln1/Mmp3/Gas1
genotype	HALLMARK_HYPOXIA	HALLMARK_HYPOXIA	43	0.5024319527369298	1.5570912722569972	0.03816793893129771	0.07845631891433417	0.04017677782241865	2593	tags=42%, list=15%, signal=36%	Vldlr/Hs3st1/Has1/Kdelr3/Phkg1/Stc2/Bcan/Gpc3/Ppp1r3c/Slc2a5/Lalba/Dtna/Pkp1/Pgam2/Gapdhs/Ackr3/Inha/Ppargc1a
genotype	HALLMARK_ESTROGEN_RESPONSE_LATE	HALLMARK_ESTROGEN_RESPONSE_LATE	73	0.44818307569687266	1.4979936603140724	0.03480278422273782	0.07845631891433417	0.04017677782241865	2430	tags=32%, list=14%, signal=27%	Gjb3/Kcnk5/Tfpi2/Lamc2/Gper1/Pcp4/Pdzk1/Serpina3c/Pkp3/Calcr/Scube2/Nmu/Mapt/Slc27a2/Dhrs2/Scnn1a/Mapk13/Celsr2/Clic3/Perp/Mdk/S100a9/Serpina3n
genotype	HALLMARK_SPERMATOGENESIS	HALLMARK_SPERMATOGENESIS	76	0.43623885074002255	1.4641001537550449	0.0429732868757259	0.08368482181062413	0.04285424729989287	4567	tags=51%, list=26%, signal=38%	Art3/Nek2/Clvs1/Cct6b/Cnih2/Pcsk4/Gfi1/Septin4/Clgn/Slc2a5/She/Grm8/Pcsk1n/Hoxb1/Kif2c/Cdkn3/Nos1/Zpbp/Elovl3/Gapdhs/Tnp2/Scg3/Cftr/Ddx25/Tcp11/Acrv1/Actl7b/Adad1/Adam2/Adcyap1/Akap4/Camk4/Ccna1/Crisp2/Cst8/Dcc/Dmc1/Dmrt1/Dnajb8
genotype	HALLMARK_ADIPOGENESIS	HALLMARK_ADIPOGENESIS	22	0.5817657965191871	1.6115096722085438	0.05414028588331197	0.10015952888412714	0.05129079715261133	2044	tags=45%, list=12%, signal=40%	Ephx2/Sspn/Itga7/Sncg/Fzd4/Mrap/Cidea/Reep6/Sorbs1/Angpt1
genotype	HALLMARK_ALLOGRAFT_REJECTION	HALLMARK_ALLOGRAFT_REJECTION	45	0.46722408704157053	1.4577571848472901	0.07477820025348543	0.13175206711328386	0.0674690528602876	1833	tags=20%, list=10%, signal=18%	C2/Thy1/Itk/Ltb/Apbb1/Ereg/Rpl3l/Il12a/Il11
genotype	HALLMARK_E2F_TARGETS	HALLMARK_E2F_TARGETS	18	0.5671664956480438	1.506153068941966	0.07865168539325842	0.13227783452502553	0.06773829364012687	2415	tags=56%, list=14%, signal=48%	Rad51ap1/Rad51c/Cenpm/Cit/Mxd3/Kif2c/Cdkn3/Kif18b/Dlgap5/Chek1
genotype	HALLMARK_PEROXISOME	HALLMARK_PEROXISOME	20	0.535779532708954	1.4485037909819247	0.1020979020979021	0.16424445120097295	0.08410811156806579	2051	tags=30%, list=12%, signal=27%	Ephx2/Dio1/Alb/Slc27a2/Scgb1a1/Hsd11b2
genotype	HALLMARK_IL6_JAK_STAT3_SIGNALING	HALLMARK_IL6_JAK_STAT3_SIGNALING	13	0.5719611197514012	1.4188583877453602	0.1119186046511628	0.17254118217054265	0.08835679314565484	4336	tags=62%, list=25%, signal=46%	Lepr/Ltb/Cntfr/Il9r/Inhbe/Il17rb/A2m/Cxcl13
genotype	HALLMARK_COAGULATION	HALLMARK_COAGULATION	51	0.4275879846273982	1.3529415900364066	0.12484548825710753	0.18216827532416888	0.09328674127553455	1458	tags=20%, list=8%, signal=18%	C2/C9/Tfpi2/Cpb2/F11/C8g/Clu/Dpp4/Apoa1/Serpinc1
genotype	HALLMARK_HEME_METABOLISM	HALLMARK_HEME_METABOLISM	38	0.44134051051741097	1.3520629943086515	0.12801013941698353	0.18216827532416888	0.09328674127553455	1655	tags=26%, list=9%, signal=24%	Mboat2/H4c3/Aqp3/Rhd/Epb42/Acsl6/Sptb/Icam4/Ermap/Epor
genotype	HALLMARK_WNT_BETA_CATENIN_SIGNALING	HALLMARK_WNT_BETA_CATENIN_SIGNALING	14	0.5388519674950172	1.3567583542821415	0.1562043795620438	0.2140578534739119	0.10961710846459215	2457	tags=43%, list=14%, signal=37%	Gnai1/Wnt5b/Axin2/Hey2/Tcf7/Dkk1
genotype	HALLMARK_PI3K_AKT_MTOR_SIGNALING	HALLMARK_PI3K_AKT_MTOR_SIGNALING	14	0.537028182108537	1.3521663026449773	0.16204379562043797	0.21412930135557873	0.10965369628450691	4784	tags=64%, list=27%, signal=47%	Prkaa2/Gna14/Pitx2/Fgf17/Fgf6/Plcb1/Camk4/Fasl/Fgf22
genotype	HALLMARK_MITOTIC_SPINDLE	HALLMARK_MITOTIC_SPINDLE	18	0.483028345254465	1.2827179147098853	0.21067415730337077	0.26374124433456947	0.13505952768199858	2594	tags=56%, list=15%, signal=47%	Nek2/Kntc1/Ndc80/Kif23/Pif1/Kif2c/Cep72/Dlgap5/Sorbs2/Shroom2
genotype	HALLMARK_COMPLEMENT	HALLMARK_COMPLEMENT	51	0.3916754100958285	1.2393097354570917	0.2138442521631644	0.26374124433456947	0.13505952768199858	2397	tags=27%, list=14%, signal=24%	C2/C9/Cda/Tfpi2/Clu/Dpp4/Serpinc1/Pcsk9/Prss36/F8/Gata3/Cd59b/Zfpm2/S100a9
genotype	HALLMARK_UV_RESPONSE_DN	HALLMARK_UV_RESPONSE_DN	22	0.42575366918974467	1.1793511409275879	0.29583333333333334	0.34205729166666665	0.17516447368421054	801	tags=18%, list=5%, signal=17%	Kit/Fbln5/Vldlr/Fhl2
genotype	HALLMARK_BILE_ACID_METABOLISM	HALLMARK_BILE_ACID_METABOLISM	41	0.37816267871634307	1.160721198689806	0.28774193548387095	0.34205729166666665	0.17516447368421054	2123	tags=24%, list=12%, signal=21%	Ephx2/Cyp39a1/Dio1/Apoa1/Ar/Slc27a2/Hsd17b6/Slc27a5/Slc23a1/Abcg4
genotype	HALLMARK_TNFA_SIGNALING_VIA_NFKB	HALLMARK_TNFA_SIGNALING_VIA_NFKB	12	0.4716780726966318	1.151185779584175	0.3172514619883041	0.3557061846535531	0.1821539494669689	690	tags=25%, list=4%, signal=24%	F2rl1/Lamb3/Ccl20
genotype	HALLMARK_APOPTOSIS	HALLMARK_APOPTOSIS	23	0.4030808320702509	1.1331485781789523	0.3351724137931035	0.3647464503042596	0.1867833884915128	2078	tags=35%, list=12%, signal=31%	Bik/Ereg/Clu/Fez1/Gucy2e/Dpyd/Igfbp6/Avpr1a
genotype	HALLMARK_XENOBIOTIC_METABOLISM	HALLMARK_XENOBIOTIC_METABOLISM	66	0.33318480383482507	1.0945551376269127	0.37410071942446044	0.39547790339157246	0.2025206902147455	1223	tags=12%, list=7%, signal=11%	Ddc/Cda/Cyp26a1/Fetub/F11/Rbp4/Cyp2e1/Gsta1
genotype	HALLMARK_APICAL_SURFACE	HALLMARK_APICAL_SURFACE	23	0.366555743597458	1.030468547828136	0.4510344827586207	0.46356321839080455	0.23738656987295828	2292	tags=35%, list=13%, signal=30%	Thy1/Slc22a12/Ntng1/Rtn4rl1/Slc2a4/Pcsk9/Tmem8b/Gata3
genotype	HALLMARK_PANCREAS_BETA_CELLS	HALLMARK_PANCREAS_BETA_CELLS	27	0.280695057556023	0.8138975817681998	0.6907630522088354	0.6907630522088354	0.3537335686986924	1788	tags=19%, list=10%, signal=17%	Dpp4/Foxa2/Gcg/Nkx2-2/Hnf1a
training_status	HALLMARK_WNT_BETA_CATENIN_SIGNALING	HALLMARK_WNT_BETA_CATENIN_SIGNALING	14	0.8964922946274274	1.6637516808345634	1.359045297039226e-4	0.005028467599045136	0.004291721990650188	1299	tags=71%, list=7%, signal=66%	Tcf7/Wnt5b/Wnt1/Dkk1/Peg12/Notch4/Hdac11/Gnai1/Fzd8/Hey2
training_status	HALLMARK_HEDGEHOG_SIGNALING	HALLMARK_HEDGEHOG_SIGNALING	14	0.8541452835576234	1.585162147753315	0.0024856545515019404	0.0306564061351906	0.026164784752652007	1299	tags=43%, list=7%, signal=40%	Unc5c/Gli1/Adgrg1/Vldlr/Cntfr/Hey2
training_status	HALLMARK_MYOGENESIS	HALLMARK_MYOGENESIS	97	0.6413112574810804	1.5524942369553523	0.0018584276284958103	0.0306564061351906	0.026164784752652007	2371	tags=40%, list=14%, signal=35%	Gnao1/Hspb8/Itgb4/Kcnh2/Myoz1/Tnnt3/Fhl1/Sh3bgr/Myom2/Sgcd/Adam12/Dtna/Cryab/Chrna1/Ephb3/Cdh13/Ldb3/Lama2/Cox7a1/Sspn/Nos1/Reep1/Myl4/Tnnc1/Ctf1/Bdkrb2/Acta1/Cacng1/Myh7/Aplnr/Mybph/Ankrd2/Sorbs1/Kcnh1/Itga7/Clu/Mylpf/Ablim1/Chrnb1
training_status	HALLMARK_APICAL_JUNCTION	HALLMARK_APICAL_JUNCTION	74	0.6339786071459279	1.4902854884181258	0.0091620824257062	0.08474926243778234	0.0723322296766279	2328	tags=47%, list=13%, signal=41%	Adamts5/Nrtn/Mapk13/Icam5/Itgb4/Kcnh2/Adam23/Nlgn3/Itga10/Cldn15/Thbs3/Tmem8b/Cldn11/Jam3/Gnai1/Icam4/Lamc2/Acta1/Cldn18/Cldn19/Calb2/Col17a1/Cdh1/Slc30a3/Cadm3/Sgce/Crb3/Cldn7/Wnk4/Cdsn/Amh/Irs1/Cntn1/Mdk/Itga2
training_status	HALLMARK_KRAS_SIGNALING_DN	HALLMARK_KRAS_SIGNALING_DN	136	0.5574459658561708	1.3877979438537407	0.015100385343762667	0.11174285154384374	0.0953708548027116	2394	tags=28%, list=14%, signal=24%	Fgfr3/Celsr2/Efhd1/Zbtb16/Abcb11/Atp4a/Ngb/Gdnf/Epha5/Cntfr/Shox2/Kcnmb1/Tcf7l1/Irs4/Igfbp2/Nos1/Magix/Dlk2/Vpreb1/Cyp39a1/Clstn3/P2rx6/Cacng1/Htr1d/Myh7/Slc30a3/Kcnn1/Nudt10/Oxt/Sidt1/Arpp21/Gpr3/Ypel1/Cacna1f/Klhdc8a/Cpa2/Arhgdig/Tlx1
training_status	HALLMARK_IL2_STAT5_SIGNALING	HALLMARK_IL2_STAT5_SIGNALING	33	0.6858141585241458	1.4524302803187827	0.022948892808486606	0.12130129055914349	0.10352883973753357	1083	tags=39%, list=6%, signal=37%	Itgae/Tnfsf11/Etv4/Muc1/Ager/Icos/Tnfrsf18/Tnfrsf4/Sell/She/Drc1/Pth1r/Ikzf2
training_status	HALLMARK_ESTROGEN_RESPONSE_EARLY	HALLMARK_ESTROGEN_RESPONSE_EARLY	72	0.6098203131164976	1.4304069057243103	0.01970203820451406	0.12130129055914349	0.10352883973753357	2314	tags=44%, list=13%, signal=39%	Podxl/Gfra1/Celsr2/Hspb8/Fhl2/Mlph/Muc1/Rhod/Syt12/Ar/Sec14l2/Wwc1/Clic3/Reep1/Krt19/Abat/Rapgefl1/Npy1r/Il17rb/Calb2/Lad1/Greb1/Slc27a2/Cldn7/Kcnk5/Car12/Pdzk1/Mpped2/Slc1a1/Esrp2/Scnn1a/Ablim1
training_status	HALLMARK_PANCREAS_BETA_CELLS	HALLMARK_PANCREAS_BETA_CELLS	27	0.7006333033315865	1.437646469576816	0.050595238095238096	0.2340029761904762	0.199718045112782	2180	tags=22%, list=12%, signal=19%	Neurog3/Syt13/Pcsk2/Chga/Insm1/Pak3
training_status	HALLMARK_HYPOXIA	HALLMARK_HYPOXIA	43	0.6079206326412316	1.3364960286872318	0.08402203856749312	0.31088154269972457	0.26533275337103096	2230	tags=37%, list=13%, signal=33%	Kdelr3/Efna1/Tmem45a/Has1/Fbp1/Hs3st1/Cavin3/Vldlr/Srpx/Dtna/Hoxb9/Dpysl4/Gapdhs/Efna3/Car12/Selenbp2
training_status	HALLMARK_GLYCOLYSIS	HALLMARK_GLYCOLYSIS	37	0.6189498639797424	1.3297128709923491	0.07905686546463246	0.31088154269972457	0.26533275337103096	2048	tags=32%, list=12%, signal=29%	Kdelr3/Bik/Depdc1a/Gal3st1/Vldlr/Cth/Dpysl4/Chst1/Spag4/Gapdhs/Ndst3/Efna3
training_status	HALLMARK_ESTROGEN_RESPONSE_LATE	HALLMARK_ESTROGEN_RESPONSE_LATE	73	0.5494961395023845	1.2906998778632228	0.09681528662420383	0.32565141864504926	0.2779386218876665	2376	tags=36%, list=14%, signal=31%	Gper1/Fgfr3/Celsr2/Hspb8/Mapk13/Gjb3/Plxnb1/Nmu/Clic3/Serpina3n/Lamc2/Krt19/Tnnc1/Rapgefl1/Npy1r/Il17rb/Cdh1/Slc27a2/Kcnk5/Chst8/Car12/Pdzk1/Prlr/Scnn1a/Mdk/Tfpi2
training_status	HALLMARK_ADIPOGENESIS	HALLMARK_ADIPOGENESIS	22	0.6754657990969193	1.3472156267312725	0.11532625189681335	0.35160548164449335	0.30009002700810244	2168	tags=45%, list=12%, signal=40%	Hspb8/Cmbl/Sncg/Sspn/Fzd4/Sorbs1/Cidea/Angpt1/Reep6/Itga7
training_status	HALLMARK_EPITHELIAL_MESENCHYMAL_TRANSITION	HALLMARK_EPITHELIAL_MESENCHYMAL_TRANSITION	62	0.5490171605693257	1.2718979395186825	0.1235370611183355	0.35160548164449335	0.30009002700810244	2399	tags=42%, list=14%, signal=36%	Gpx7/Matn2/Fbln5/Mfap5/Foxc2/Col7a1/Sgcd/Adam12/Dkk1/Igfbp2/Lama2/Fbln1/Lamc2/Lrrc15/Nnmt/Fzd8/Crlf1/Bdnf/Msx1/Fbn2/Fstl3/Gas1/Fmod/Itga2/Tfpi2/Col11a1
training_status	HALLMARK_IL6_JAK_STAT3_SIGNALING	HALLMARK_IL6_JAK_STAT3_SIGNALING	13	0.7136788519306372	1.3215943820992797	0.16	0.3908213440174831	0.3335601798157751	1498	tags=23%, list=9%, signal=21%	Lepr/Cntfr/Il17rb
training_status	HALLMARK_ANDROGEN_RESPONSE	HALLMARK_ANDROGEN_RESPONSE	28	-0.5241439019767968	-1.251489440064803	0.17956656346749225	0.3908213440174831	0.3335601798157751	1509	tags=29%, list=9%, signal=26%	Klk1b27/Bmpr1b/Cenpn/Spdef/Mak/Aldh1a3/Arid5b/Hsd17b14
training_status	HALLMARK_INFLAMMATORY_RESPONSE	HALLMARK_INFLAMMATORY_RESPONSE	34	0.5840533724743431	1.243831931652116	0.17887323943661973	0.3908213440174831	0.3335601798157751	1588	tags=26%, list=9%, signal=24%	Gabbr1/Bdkrb1/Ccl20/Slc4a4/Sell/Ffar2/Lamp3/Icam4/Aplnr
training_status	HALLMARK_KRAS_SIGNALING_UP	HALLMARK_KRAS_SIGNALING_UP	68	0.5148452936929108	1.2071221764715485	0.17051282051282052	0.3908213440174831	0.3335601798157751	1696	tags=25%, list=10%, signal=23%	Ccl20/Arg1/Ngf/Etv4/Igf2/Prkg2/Aldh1a2/Mmp11/F2rl1/Hkdc1/Plvap/Serpina3n/Ephb2/Spon1/Hsd11b1/H2bc3/Gucy1a1
training_status	HALLMARK_MITOTIC_SPINDLE	HALLMARK_MITOTIC_SPINDLE	18	0.6205754817318119	1.2111005871662657	0.2709284627092846	0.47513199921778243	0.40551806476624397	1329	tags=44%, list=8%, signal=41%	Kif23/Cdc42ep1/Nek2/Espl1/Pif1/Sorbs2/Kif2c/Kntc1
training_status	HALLMARK_APOPTOSIS	HALLMARK_APOPTOSIS	23	0.599695921537404	1.2030038856230216	0.2526636225266362	0.47513199921778243	0.40551806476624397	2222	tags=39%, list=13%, signal=34%	Bik/Igfbp6/Erbb2/Avpr1a/Cth/Fez1/Dpyd/Nefh/Clu
training_status	HALLMARK_UV_RESPONSE_DN	HALLMARK_UV_RESPONSE_DN	22	0.5905411555306505	1.1778335394960247	0.283763277693475	0.47513199921778243	0.40551806476624397	2399	tags=55%, list=14%, signal=47%	Fzd2/Fhl2/Erbb2/Fbln5/Vldlr/Mmp16/Cdon/Bdnf/Scn8a/Irs1/Nfib/Col11a1
training_status	HALLMARK_UV_RESPONSE_UP	HALLMARK_UV_RESPONSE_UP	26	0.5656223985094299	1.150300053531042	0.29535232383808097	0.47513199921778243	0.40551806476624397	2018	tags=38%, list=12%, signal=34%	Ntrk3/Clcn2/Kcnh2/Nptx2/Shox2/Igfbp2/Cyp1a1/Htr7/Msx1/H2-Q1
training_status	HALLMARK_HEME_METABOLISM	HALLMARK_HEME_METABOLISM	38	0.5292667594021553	1.1438519056520595	0.2772413793103448	0.47513199921778243	0.40551806476624397	1614	tags=24%, list=9%, signal=22%	Epor/H4c3/Acsl6/Fn3k/Trim58/Mboat2/Myl4/Icam4/Rhd
training_status	HALLMARK_SPERMATOGENESIS	HALLMARK_SPERMATOGENESIS	76	0.47778755691039043	1.126856157311038	0.26582278481012656	0.47513199921778243	0.40551806476624397	2383	tags=26%, list=14%, signal=23%	Gsg1/Nek2/Pcsk4/She/Elovl3/Gpr182/Jam3/Nos1/Cftr/Kif2c/Tcp11/Ddx25/Gapdhs/Septin4/Nefh/Theg/Hoxb1/Tekt2/Cct6b/Slc2a5
training_status	HALLMARK_INTERFERON_GAMMA_RESPONSE	HALLMARK_INTERFERON_GAMMA_RESPONSE	14	-0.5418658699839315	-1.1490632666528606	0.31592689295039167	0.4870539599651872	0.4156932801978838	1662	tags=43%, list=9%, signal=39%	Il2rb/Gm8909/Mettl7b/Gbp8/C1rb/Arid5b
training_status	HALLMARK_APICAL_SURFACE	HALLMARK_APICAL_SURFACE	23	0.5647193693034457	1.1328401130642916	0.3470319634703196	0.49941944847605224	0.4262470399511115	1300	tags=22%, list=7%, signal=20%	Rtn4rl1/Srpx/Tmem8b/Cd160/Pcsk9
training_status	HALLMARK_COAGULATION	HALLMARK_COAGULATION	51	-0.40182065460683486	-1.063455337740926	0.35094339622641507	0.49941944847605224	0.4262470399511115	1157	tags=20%, list=7%, signal=18%	F13b/Mep1a/F12/Serpinc1/F2/F2rl2/C1rb/Mmp15/Mmp3/Mmp1b
training_status	HALLMARK_P53_PATHWAY	HALLMARK_P53_PATHWAY	23	0.5289987102266746	1.061183644972586	0.4155251141552511	0.5362318840579711	0.4576659038901602	2278	tags=39%, list=13%, signal=34%	Zbtb16/Itgb4/Cdh13/Rps12/Zfp365/Abat/Clca2/Epha2/Rad51c
training_status	HALLMARK_E2F_TARGETS	HALLMARK_E2F_TARGETS	18	-0.48166892810368483	-1.054895166218252	0.42028985507246375	0.5362318840579711	0.4576659038901602	892	tags=50%, list=5%, signal=48%	Mxd3/Rad51ap1/Cdkn3/Dscc1/Chek1/Ung/Nolc1/Ube2t/Spag5
training_status	HALLMARK_BILE_ACID_METABOLISM	HALLMARK_BILE_ACID_METABOLISM	41	0.477876739822703	1.0427795916042801	0.41643835616438357	0.5362318840579711	0.4576659038901602	2014	tags=22%, list=12%, signal=19%	Rbp1/Ar/Cyp46a1/Slc23a1/Slco1a5/Cyp39a1/Abca4/Aldh8a1/Slc27a2
training_status	HALLMARK_COMPLEMENT	HALLMARK_COMPLEMENT	51	0.45298680390526236	1.0185488736884	0.44776119402985076	0.5522388059701493	0.4713275726630008	1598	tags=20%, list=9%, signal=18%	Hpcal4/Apoc1/Cda/Zfpm2/Spock2/Cdh13/Notch4/Kcnip3/Pcsk9/Itih1
training_status	HALLMARK_G2M_CHECKPOINT	HALLMARK_G2M_CHECKPOINT	22	0.5085663531608372	1.0143349065549154	0.4658573596358118	0.5560233002104851	0.47455758197196457	1216	tags=36%, list=7%, signal=34%	Kif23/Troap/Hoxc10/Nek2/Espl1/Meis2/Pbk/Kif2c
training_status	HALLMARK_PI3K_AKT_MTOR_SIGNALING	HALLMARK_PI3K_AKT_MTOR_SIGNALING	14	-0.4308640672921945	-0.9136764281920698	0.5953002610966057	0.6883159268929504	0.587467362924282	297	tags=21%, list=2%, signal=21%	Fgf17/Il4/Prkaa2
training_status	HALLMARK_XENOBIOTIC_METABOLISM	HALLMARK_XENOBIOTIC_METABOLISM	66	0.3824557005205177	0.8927145026276483	0.6571798188874515	0.7151662734951677	0.6103837327128033	1598	tags=18%, list=9%, signal=17%	Arg1/Fbp1/Upb1/Cda/Ddc/Ttpa/Fbln1/Pycr1/Cyp1a1/Hsd11b1/Vnn1/Itih1
training_status	HALLMARK_TNFA_SIGNALING_VIA_NFKB	HALLMARK_TNFA_SIGNALING_VIA_NFKB	12	0.4787170909383388	0.8752649974820834	0.6520325203252032	0.7151662734951677	0.6103837327128033	814	tags=25%, list=5%, signal=24%	Ccl20/Efna1/F2rl1
training_status	HALLMARK_FATTY_ACID_METABOLISM	HALLMARK_FATTY_ACID_METABOLISM	33	0.4013360165855864	0.8499570558966579	0.7104136947218259	0.7301474084640988	0.6231699076507246	2139	tags=30%, list=12%, signal=27%	Eci1/Gad2/Cyp1a1/Aqp7/Vnn1/Gapdhs/Cidea/Acsm3/Rdh1/Reep6
training_status	HALLMARK_PEROXISOME	HALLMARK_PEROXISOME	20	0.4216578642283739	0.8330007891845219	0.703030303030303	0.7301474084640988	0.6231699076507246	2014	tags=10%, list=12%, signal=9%	Crabp2/Slc27a2
training_status	HALLMARK_ALLOGRAFT_REJECTION	HALLMARK_ALLOGRAFT_REJECTION	45	0.37616023230039	0.8330428664120144	0.7537826685006878	0.7537826685006878	0.6433422490759783	1937	tags=16%, list=11%, signal=14%	Apbb1/Il11/Itk/Ccl19/Crtam/Cd79a/Elane
genotype_x_training_status	HALLMARK_EPITHELIAL_MESENCHYMAL_TRANSITION	HALLMARK_EPITHELIAL_MESENCHYMAL_TRANSITION	62	0.6516451404226928	2.0742876641063246	1.4840576354232883e-5	5.491013251066166e-4	4.998930982478445e-4	1127	tags=31%, list=6%, signal=29%	Mmp3/Pcolce2/Gas1/Col11a1/Fbln1/Itga2/Mmp1b/Sfrp1/Fmod/Crlf1/Slit3/Nnmt/Foxc2/Adam12/Ecm2/Sfrp4/Lrrc15/Fzd8/Cap2
genotype_x_training_status	HALLMARK_UV_RESPONSE_DN	HALLMARK_UV_RESPONSE_DN	22	0.7271006133985993	1.8937275019159014	0.001308179942362356	0.024201328933703584	0.02203250429241863	1188	tags=59%, list=7%, signal=55%	Nfib/Ptprm/Efemp1/Col11a1/Arhgef9/Mmp16/Erbb2/Igfbp5/Irs1/Cdon/Ptgfr/Cap2/Fzd2
genotype_x_training_status	HALLMARK_KRAS_SIGNALING_DN	HALLMARK_KRAS_SIGNALING_DN	136	-0.44202101357538615	-1.4310095445833233	0.011448519106118044	0.14119840230878922	0.12854477592834299	2626	tags=31%, list=15%, signal=26%	Igfbp2/Nos1/Dlk2/Slc38a3/Nphs1/Cyp39a1/Tenm2/Edar/Il5/Ccdc106/Scgb1a1/Tg/Grid2/Myh7/Sidt1/Celsr2/Hnf1a/Kcne2/Cacna1f/Oxt/Stag3/Tlx1/Cacng1/Htr1d/Epha5/Ckm/Hsd11b2/Pdcd1/Cntfr/Vpreb1/Magix/P2rx6/Irs4/Kcnn1/Gpr3/Atp4a/Fgfr3/Zbtb16/Efhd1/Ypel1/Abcb11/Ngb
genotype_x_training_status	HALLMARK_HEDGEHOG_SIGNALING	HALLMARK_HEDGEHOG_SIGNALING	14	-0.692889148986565	-1.5820754590502983	0.02855027878741149	0.2640900787835563	0.24042340031504417	2067	tags=43%, list=12%, signal=38%	Thy1/Hey2/Cntfr/Gli1/Vldlr/Adgrg1
genotype_x_training_status	HALLMARK_XENOBIOTIC_METABOLISM	HALLMARK_XENOBIOTIC_METABOLISM	66	0.457109533802863	1.4700445531763073	0.036721755227204174	0.2717409886813109	0.24738866679379654	1452	tags=24%, list=8%, signal=22%	Atoh8/Angptl3/Pdk4/Hgfac/Fbln1/Mpp2/Cdo1/Cyp2s1/Adh7/Tyr/Vnn1/Hsd17b2/Epha2/Fbp1/Cyp2j9/Itih1
genotype_x_training_status	HALLMARK_TNFA_SIGNALING_VIA_NFKB	HALLMARK_TNFA_SIGNALING_VIA_NFKB	12	0.6892612140999308	1.6006585379953375	0.0692565435921131	0.28472134587868714	0.2592057771868561	1300	tags=42%, list=7%, signal=39%	Egr3/Il23a/Fjx1/Ackr3/Msc
genotype_x_training_status	HALLMARK_PEROXISOME	HALLMARK_PEROXISOME	20	-0.6250788310872196	-1.5310826440353922	0.05592117349849188	0.28472134587868714	0.2592057771868561	1671	tags=40%, list=10%, signal=36%	Scgb1a1/Alb/Hsd11b2/Dio1/Slc27a2/Crabp2/Ephx2/Sult2b1
genotype_x_training_status	HALLMARK_APICAL_SURFACE	HALLMARK_APICAL_SURFACE	23	0.5773053790859641	1.5102383990266435	0.06163476245406649	0.28472134587868714	0.2592057771868561	1468	tags=35%, list=8%, signal=32%	Gas1/Afap1l2/Srpx/Il2rb/Pcsk9/Efna5/Shroom2/Cd160
genotype_x_training_status	HALLMARK_ESTROGEN_RESPONSE_LATE	HALLMARK_ESTROGEN_RESPONSE_LATE	73	-0.43890027711734975	-1.318563778337511	0.06623586429725363	0.28472134587868714	0.2592057771868561	2324	tags=32%, list=13%, signal=27%	Mdk/Pkp3/Cdh1/Celsr2/S100a9/Dhrs2/Hspb8/Il17rb/Scnn1a/Slc27a2/Lamc2/Clic3/Pdzk1/Tnnc1/Mapk13/Nmu/Serpina3c/Tfpi2/Kcnk5/Gjb3/Fgfr3/Sult2b1/Gper1
genotype_x_training_status	HALLMARK_INTERFERON_GAMMA_RESPONSE	HALLMARK_INTERFERON_GAMMA_RESPONSE	14	0.6505613876325226	1.5385638334489327	0.0868410584040948	0.32131191609515075	0.29251724936116147	1814	tags=50%, list=10%, signal=45%	Apol6/Gbp8/Il2rb/Auts2/Mettl7b/Arid5b/C1rb
genotype_x_training_status	HALLMARK_ESTROGEN_RESPONSE_EARLY	HALLMARK_ESTROGEN_RESPONSE_EARLY	72	-0.4193258416652374	-1.260606870206997	0.1032258064516129	0.3472140762463343	0.3160981632968051	2116	tags=33%, list=12%, signal=29%	Greb1/Celsr2/Bcl11b/Dhrs2/Hspb8/Il17rb/Aqp3/Scnn1a/Slc27a2/Syt12/Ar/Gfra1/Wwc1/Reep1/Clic3/Pdzk1/Kcnk5/Muc1/Rhod/Podxl/Slc1a1/Calb2/Mlph/Sult2b1
genotype_x_training_status	HALLMARK_G2M_CHECKPOINT	HALLMARK_G2M_CHECKPOINT	22	0.5085945693820575	1.3246303271042361	0.12971698113207547	0.3569336778639104	0.32494673375946326	1532	tags=50%, list=9%, signal=46%	Dmd/Chek1/Kif20b/Ndc80/Cenpf/Exo1/Efna5/Hoxc10/Polq/Cdkn3/Pbk
genotype_x_training_status	HALLMARK_GLYCOLYSIS	HALLMARK_GLYCOLYSIS	37	-0.4670756773943333	-1.2874786320142484	0.14309484193011648	0.3569336778639104	0.32494673375946326	1621	tags=30%, list=9%, signal=27%	Gpc3/Kdelr3/Dpysl4/Lhx9/Ndst3/Bik/Lct/Cth/Vldlr/Gal3st1/Tgfa
genotype_x_training_status	HALLMARK_COAGULATION	HALLMARK_COAGULATION	51	0.40458035960506455	1.2521962045743804	0.14470284237726097	0.3569336778639104	0.32494673375946326	2306	tags=29%, list=13%, signal=26%	Mmp3/Mmp15/Itga2/Mmp1b/Apoc1/F12/F2/Itih1/C1rb/Serpinc1/Dpp4/F13b/F2rl2/Mmp11/Mst1
genotype_x_training_status	HALLMARK_KRAS_SIGNALING_UP	HALLMARK_KRAS_SIGNALING_UP	68	0.3792396667731073	1.220290323664511	0.12760416666666666	0.3569336778639104	0.32494673375946326	1954	tags=26%, list=11%, signal=24%	Trib2/Peg3/Itga2/Sema3b/Igf2/Ephb2/Etv4/Ace/Aldh1a3/Serpina3n/Itgbl1/Mpzl2/Serpina3m/Prkg2/Pcp4/Ereg/Pigr/Adgrl4
genotype_x_training_status	HALLMARK_HYPOXIA	HALLMARK_HYPOXIA	43	0.41956656463730235	1.2554398954343142	0.16494845360824742	0.36047794117647053	0.3281733746130031	2297	tags=49%, list=13%, signal=43%	Stc1/Srpx/B4galnt2/Tmem45a/Selenbp2/Ackr3/Dtna/Efna3/Inha/Fbp1/Ppargc1a/Ncan/Edn2/Stc2/Phkg1/Pygm/Pkp1/Pgam2/Pklr/Car12/Gapdhs
genotype_x_training_status	HALLMARK_MYOGENESIS	HALLMARK_MYOGENESIS	97	-0.38119941157566	-1.1935082827689505	0.165625	0.36047794117647053	0.3281733746130031	2601	tags=33%, list=15%, signal=28%	Casq1/Myl4/Cox6a2/Sh3bgr/Spdef/Ldb3/Myh7/Gnao1/Sgcd/Myom2/Myh4/Mybph/Ppp1r3c/Hspb8/Ctf1/Cacng1/Mylpf/Clu/Ckm/Tnnt1/Cox7a1/Gja5/Kcnh2/Fst/Chrna1/Reep1/Tnnc1/Myoz1/Itgb4/Aplnr/Sorbs1/Ephb3
genotype_x_training_status	HALLMARK_P53_PATHWAY	HALLMARK_P53_PATHWAY	23	-0.5005206672757415	-1.2640600622923202	0.1879310344827586	0.3863026819923371	0.35168380721919745	1765	tags=35%, list=10%, signal=31%	Clca2/Gpx2/Rps12/Rad51c/Krt17/Itgb4/Tgfa/Zbtb16
genotype_x_training_status	HALLMARK_UV_RESPONSE_UP	HALLMARK_UV_RESPONSE_UP	26	-0.48058319683833733	-1.2490057056102726	0.20341880341880342	0.3961313540260909	0.36063167365106424	1933	tags=31%, list=11%, signal=27%	Onecut1/Aqp3/Cyp1a1/H2-Q1/Kcnh2/Nptx2/Clcn2/Ntrk3
genotype_x_training_status	HALLMARK_PANCREAS_BETA_CELLS	HALLMARK_PANCREAS_BETA_CELLS	27	-0.45358052427842566	-1.1914879648531809	0.24033613445378152	0.4234493797519008	0.38550156904867217	1949	tags=30%, list=11%, signal=26%	Hnf1a/Nkx2-2/Insm1/Foxa2/Gcg/Chga/Pcsk2/Neurog3
genotype_x_training_status	HALLMARK_SPERMATOGENESIS	HALLMARK_SPERMATOGENESIS	76	-0.38390188950060805	-1.1639697339628392	0.22953451043338685	0.4234493797519008	0.38550156904867217	2858	tags=32%, list=16%, signal=27%	Ybx2/Znrf4/Nos1/Slc2a5/Kif2c/She/Gfi1/Clgn/Nefh/Theg/Grm8/Pcsk1n/Gsg1/Ddx25/Elovl3/Septin4/Bub1/Cftr/Hoxb1/Pcsk4/Nek2/Clvs1/Cnih2/Cct6b
genotype_x_training_status	HALLMARK_ADIPOGENESIS	HALLMARK_ADIPOGENESIS	22	0.4346634397063467	1.1320773145848355	0.29009433962264153	0.46667350287120596	0.42485212210180917	1219	tags=23%, list=7%, signal=21%	Lama4/Cavin2/Itih5/Adipoq/Itga7
genotype_x_training_status	HALLMARK_COMPLEMENT	HALLMARK_COMPLEMENT	51	-0.38386160945997283	-1.1195016584458028	0.2894308943089431	0.46667350287120596	0.42485212210180917	2038	tags=27%, list=12%, signal=24%	Pclo/S100a9/Prss36/C2/Cpm/Clu/Dgkg/Notch4/Kcnip3/Cd59b/Hpcal4/Tfpi2/Cda/C9
genotype_x_training_status	HALLMARK_APICAL_JUNCTION	HALLMARK_APICAL_JUNCTION	74	-0.36408962271880646	-1.1017272397320477	0.3130016051364366	0.4710648148148148	0.42884990253411315	2480	tags=35%, list=14%, signal=30%	Cntn1/Cldn7/Amigo2/Tmem8b/Mdk/Cldn11/Cdh1/Nfasc/Cldn4/Tro/Cadm2/Cldn18/Cldn19/Crb3/Itga10/Kcnh2/Lamc2/Icam4/Icam5/Nrtn/Mapk13/Itgb4/Cadm3/Cldn15/Nlgn3/Calb2
genotype_x_training_status	HALLMARK_IL2_STAT5_SIGNALING	HALLMARK_IL2_STAT5_SIGNALING	33	-0.40170533665409935	-1.0932765392632824	0.34375	0.4710648148148148	0.42884990253411315	1384	tags=24%, list=8%, signal=22%	Sell/Drc1/Pth1r/Tnfrsf4/Cdcp1/Muc1/Gpr83/Itgae
genotype_x_training_status	HALLMARK_FATTY_ACID_METABOLISM	HALLMARK_FATTY_ACID_METABOLISM	33	0.38004068757203385	1.0862865032414262	0.33756345177664976	0.4710648148148148	0.42884990253411315	1944	tags=33%, list=11%, signal=30%	Rdh1/Adh7/Aoc3/Vnn1/Ppara/Gad2/Aldh1a7/Bmpr1b/Nthl1/Aldh3a1/Aqp7
genotype_x_training_status	HALLMARK_ALLOGRAFT_REJECTION	HALLMARK_ALLOGRAFT_REJECTION	45	0.3532640272669196	1.0725422862337608	0.3393316195372751	0.4710648148148148	0.42884990253411315	2067	tags=20%, list=12%, signal=18%	Ccl19/Cd8a/Zap70/Il2rb/Il4/F2/Ereg/Crtam/Cd96
genotype_x_training_status	HALLMARK_WNT_BETA_CATENIN_SIGNALING	HALLMARK_WNT_BETA_CATENIN_SIGNALING	14	-0.48827219805639144	-1.11487308325064	0.3606271777003484	0.47466906357247923	0.43213115318120443	2167	tags=50%, list=12%, signal=44%	Wnt1/Hey2/Dkk1/Notch4/Tcf7/Hdac11/Wnt5b
genotype_x_training_status	HALLMARK_APOPTOSIS	HALLMARK_APOPTOSIS	23	0.40458984938858933	1.0584123213445211	0.37203791469194314	0.47466906357247923	0.43213115318120443	1206	tags=22%, list=7%, signal=20%	Egr3/Fez1/Erbb2/Lef1/F2
genotype_x_training_status	HALLMARK_E2F_TARGETS	HALLMARK_E2F_TARGETS	18	0.4334012948422444	1.0685728416218225	0.38717339667458434	0.477513855898654	0.4347210067925158	464	tags=22%, list=3%, signal=22%	Spag5/Ube2t/Chek1/Dscc1
genotype_x_training_status	HALLMARK_BILE_ACID_METABOLISM	HALLMARK_BILE_ACID_METABOLISM	41	-0.3612198428553078	-1.011597658162403	0.4570957095709571	0.5285169141914191	0.48115337849574435	1838	tags=22%, list=10%, signal=20%	Hsd17b6/Abca4/Dio1/Slc27a2/Cyp46a1/Ar/Slc23a1/Ephx2/Sult2b1
genotype_x_training_status	HALLMARK_HEME_METABOLISM	HALLMARK_HEME_METABOLISM	38	-0.3649369880206979	-1.0091450914020812	0.4568106312292359	0.5285169141914191	0.48115337849574435	2729	tags=34%, list=16%, signal=29%	Rhd/Rap1gap/Trim58/Myl4/Snca/Epb42/Epor/Aqp3/Acsl6/Sptb/Icam4/Mboat2/H4c3
genotype_x_training_status	HALLMARK_INFLAMMATORY_RESPONSE	HALLMARK_INFLAMMATORY_RESPONSE	34	-0.3653125821411054	-1.0008848432005952	0.48032786885245904	0.5385494287133631	0.490286819881298	1621	tags=32%, list=9%, signal=29%	Ccl17/Mep1a/Cd70/Ccr7/Gpc3/Sell/Lamp3/Ffar2/Gabbr1/Icam4/Aplnr
genotype_x_training_status	HALLMARK_MITOTIC_SPINDLE	HALLMARK_MITOTIC_SPINDLE	18	-0.41573460267013934	-0.9962031026886857	0.49569707401032703	0.5394350511288852	0.49109307641889993	1297	tags=44%, list=7%, signal=41%	Kif2c/Kntc1/Dlgap5/Bub1/Nek2/Espl1/Kif23/Pif1
genotype_x_training_status	HALLMARK_ANDROGEN_RESPONSE	HALLMARK_ANDROGEN_RESPONSE	28	0.35221108427945286	0.9673196760010815	0.5122549019607843	0.5415266106442577	0.49299719887955185	2043	tags=25%, list=12%, signal=22%	Krt19/Tmprss2/Aldh1a3/Arid5b/Bmpr1b/Cenpn/Hsd17b14
genotype_x_training_status	HALLMARK_PI3K_AKT_MTOR_SIGNALING	HALLMARK_PI3K_AKT_MTOR_SIGNALING	14	-0.412505561890261	-0.9418749408081581	0.5696864111498258	0.5855110336817653	0.5330399168653341	1982	tags=36%, list=11%, signal=32%	Gna14/Fgf17/Pitx2/Prkaa2/Ngf
genotype_x_training_status	HALLMARK_IL6_JAK_STAT3_SIGNALING	HALLMARK_IL6_JAK_STAT3_SIGNALING	13	-0.38892402661772585	-0.8792677293890421	0.6239168110918544	0.6239168110918544	0.5680039247493411	1456	tags=23%, list=8%, signal=21%	Il17rb/Cntfr/Lepr
